bruel    =christian.bruel@st.com   
knochelh =herve.knochel@st.com     
guillon  =christophe.guillon@st.com
lyon     =christophe.lyon@st.com
monat    =christophe.monat@st.com
robinec  =claire.robine@st.com
ferranti =denis.ferranti@st.com
ferriere =francois.de-ferriere@st.com
chauveth =herve.chauvet@st.com
janiny   =yves.janin@st.com
jourdanl =jingyan.jourdan-lu@st.com
vincent  =cedric.vincent@st.com
curtet   =joel.curtet@st.com
volteau  =patrick.volteau@st.com
leguen   =julien.le-guen@st.com
rouxy    =yvan.roux@st.com
bouche   =jean-marc.bouche@st.com
torrett  =thierry.torret@st.com
clarkes  =stephen.clarke@st.com
giraudoa =olivier-andre.giraud@st.com
loc_cro cv17 v colin-de-verdiere colinvv =vincent.colin-de-verdiere@st.com
loc_cro bv11 valerie bertin bertinv      =valerie.bertin@st.com
loc_cro lv21 vincent lorquet lorquetv    =vincent.lorquet@st.com
loc_cro tt2 thomas thery theryt          =thomas.thery@st.com
loc_cro dt25 deruyter  deruyter          =thomas.deruyter@st.com
